{
  "preprocessing_version": "v1.0.0",
  "timestamp": "2025-11-14T14:38:27.744002",
  "config_hash": "23390b37",
  "input_data": {
    "submissions_file": "data/raw\\submissions.csv",
    "total_submissions": 4046652,
    "unique_students": 23197,
    "unique_problems": 4336
  },
  "filtering": {
    "id_range": [
      2284,
      502284
    ],
    "submissions_after_filter": 499731,
    "students_after_filter": 2744
  },
  "sequences": {
    "total_students": 1759,
    "total_sequences": 244773,
    "avg_sequence_length": 139.15463331438318,
    "max_sequence_length": 200,
    "num_outcomes": 10,
    "num_outcome_groups": 4,
    "outcome_distribution": {
      "WA": 98499,
      "AC": 85997,
      "TLE": 21877,
      "CE": 17107,
      "REG": 10366,
      "PE": 8085,
      "REP": 1127,
      "MLE": 940,
      "OE": 760,
      "IFNR": 15
    },
    "outcome_group_distribution": {
      "runtime_error": 130161,
      "accepted": 85997,
      "compile_error": 27473,
      "other": 1142
    }
  },
  "splits": {
    "standard": {
      "train_sequences": 172808,
      "val_sequences": 35692,
      "test_sequences": 36273,
      "train_students": 1231,
      "val_students": 264,
      "test_students": 264
    },
    "domain": {
      "train_sequences": 51530,
      "val_sequences": 11376,
      "test_sequences": 29860,
      "train_students": 1204,
      "val_students": 258,
      "test_students": 258
    }
  },
  "statistics": {
    "standard": {
      "train": {
        "total_submissions": 172808,
        "unique_students": 1231,
        "unique_problems": 798,
        "outcome_distribution": {
          "WA": 0.40234827091338365,
          "AC": 0.35207282070274526,
          "TLE": 0.08912203138743577,
          "CE": 0.06911138373223462,
          "REG": 0.04186148789407898,
          "PE": 0.033268135734456736,
          "REP": 0.004768297763992408,
          "MLE": 0.004050738391741123,
          "OE": 0.0033563260960140736,
          "IFNR": 4.050738391741123e-05
        },
        "binary_distribution": {
          "0": 0.6479271792972547,
          "1": 0.35207282070274526
        },
        "outcome_group_distribution": {
          "runtime_error": 0.5321455025230314,
          "accepted": 0.35207282070274526,
          "compile_error": 0.1109728716263136,
          "other": 0.004808805147909819
        },
        "avg_sequence_length": 140.38017871649066,
        "median_sequence_length": 164.0,
        "min_sequence_length": 20,
        "max_sequence_length": 200
      },
      "val": {
        "total_submissions": 35692,
        "unique_students": 264,
        "unique_problems": 629,
        "outcome_distribution": {
          "WA": 0.40625350218536366,
          "AC": 0.348061190182674,
          "TLE": 0.08354813403563824,
          "CE": 0.07343382270536815,
          "REG": 0.046032724420038106,
          "PE": 0.03303261235010647,
          "REP": 0.003754342709850947,
          "MLE": 0.00361425529530427,
          "OE": 0.0022133811498374987,
          "IFNR": 5.603496581867085e-05
        },
        "binary_distribution": {
          "0": 0.651938809817326,
          "1": 0.348061190182674
        },
        "outcome_group_distribution": {
          "runtime_error": 0.5286618850162501,
          "accepted": 0.348061190182674,
          "compile_error": 0.11946654712540625,
          "other": 0.0038103776756696177
        },
        "avg_sequence_length": 135.1969696969697,
        "median_sequence_length": 160.0,
        "min_sequence_length": 20,
        "max_sequence_length": 200
      },
      "test": {
        "total_submissions": 36273,
        "unique_students": 264,
        "unique_problems": 619,
        "outcome_distribution": {
          "WA": 0.39891930637113004,
          "AC": 0.35103244837758113,
          "TLE": 0.0963250902875417,
          "CE": 0.07010724230143633,
          "REG": 0.0410498166680451,
          "PE": 0.031897003280677086,
          "REP": 0.0046591128387505855,
          "MLE": 0.0030601273674634023,
          "OE": 0.0027844402172414744,
          "IFNR": 0.0001654122901331569
        },
        "binary_distribution": {
          "0": 0.6489675516224189,
          "1": 0.35103244837758113
        },
        "outcome_group_distribution": {
          "runtime_error": 0.5329859675240537,
          "accepted": 0.35103244837758113,
          "compile_error": 0.11115705896948143,
          "other": 0.004824525128883743
        },
        "avg_sequence_length": 137.39772727272728,
        "median_sequence_length": 159.5,
        "min_sequence_length": 21,
        "max_sequence_length": 200
      }
    },
    "domain_shift": {
      "train": {
        "total_submissions": 51530,
        "unique_students": 1204,
        "unique_problems": 751,
        "outcome_distribution": {
          "WA": 0.40671453522220063,
          "AC": 0.32889578886085774,
          "TLE": 0.11441878517368523,
          "CE": 0.06008150591888221,
          "REG": 0.0427323888996701,
          "PE": 0.03136037259848632,
          "REP": 0.005957694546865904,
          "MLE": 0.005627789637104599,
          "OE": 0.003939452745973219,
          "IFNR": 0.00027168639627401516
        },
        "binary_distribution": {
          "0": 0.6711042111391422,
          "1": 0.32889578886085774
        },
        "outcome_group_distribution": {
          "runtime_error": 0.56206093537745,
          "accepted": 0.32889578886085774,
          "compile_error": 0.1028138948185523,
          "other": 0.006229380943139918
        },
        "avg_sequence_length": 42.79900332225914,
        "median_sequence_length": 31.0,
        "min_sequence_length": 1,
        "max_sequence_length": 200
      },
      "val": {
        "total_submissions": 11376,
        "unique_students": 258,
        "unique_problems": 538,
        "outcome_distribution": {
          "WA": 0.4097222222222222,
          "AC": 0.3373769338959212,
          "TLE": 0.1024085794655415,
          "CE": 0.05819268635724332,
          "REG": 0.04535864978902954,
          "PE": 0.02979957805907173,
          "MLE": 0.006065400843881856,
          "OE": 0.0058016877637130804,
          "REP": 0.005274261603375527
        },
        "binary_distribution": {
          "0": 0.6626230661040787,
          "1": 0.3373769338959212
        },
        "outcome_group_distribution": {
          "runtime_error": 0.5537974683544303,
          "accepted": 0.3373769338959212,
          "compile_error": 0.10355133614627285,
          "other": 0.005274261603375527
        },
        "avg_sequence_length": 44.093023255813954,
        "median_sequence_length": 32.0,
        "min_sequence_length": 1,
        "max_sequence_length": 200
      },
      "test": {
        "total_submissions": 29860,
        "unique_students": 258,
        "unique_problems": 561,
        "outcome_distribution": {
          "WA": 0.39611520428667113,
          "AC": 0.3588077695914267,
          "CE": 0.08663764233087742,
          "TLE": 0.07431346282652378,
          "REG": 0.04259879437374414,
          "PE": 0.03298727394507703,
          "REP": 0.003918285331547221,
          "OE": 0.002880107166778299,
          "MLE": 0.0017414601473543202
        },
        "binary_distribution": {
          "0": 0.6411922304085733,
          "1": 0.3588077695914267
        },
        "outcome_group_distribution": {
          "runtime_error": 0.5080375083724046,
          "accepted": 0.3588077695914267,
          "compile_error": 0.12923643670462157,
          "other": 0.003918285331547221
        },
        "avg_sequence_length": 115.73643410852713,
        "median_sequence_length": 123.0,
        "min_sequence_length": 1,
        "max_sequence_length": 200
      }
    }
  }
}