{
  "test_loss": 0.6319712930255466,
  "test_accuracy": 0.6237416390784406,
  "test_auc": 0.6427693054635137,
  "test_f1": 0.5928654115039663
}