{
  "test_loss": 0.5746021403206719,
  "test_accuracy": 0.7070454608570079,
  "test_auc": 0.7215638685382495,
  "test_f1": 0.6481345342175322
}