{
  "test_loss": 1.0301727917459276,
  "test_accuracy": 0.5972072757815166,
  "test_f1": 0.4778040990778793
}