{
  "test_loss": 1.1585905022091336,
  "test_accuracy": 0.5623038684773252,
  "test_f1": 0.3137189261671698
}