{
  "test_loss": 1.1594776842329237,
  "test_accuracy": 0.5615262850953928,
  "test_f1": 0.3309433224898804
}