{
  "test_loss": 0.5712555415100522,
  "test_accuracy": 0.7074620233830431,
  "test_auc": 0.7236311730077817,
  "test_f1": 0.6441875372988914
}