{
  "test_loss": 0.5462167925304837,
  "test_accuracy": 0.7247696789941993,
  "test_auc": 0.751515184799065,
  "test_f1": 0.6651246761566283
}