{
  "test_loss": 1.5279723803202312,
  "test_accuracy": 0.46706303628133233,
  "test_f1": 0.18635992125390718
}