{
  "compilation_auc": 0.71108738584088,
  "compilation_accuracy": 0.8833870910573141,
  "compilation_f1": 0.4904793770905707,
  "execution_accuracy": 0.5445799088536595,
  "execution_f1": 0.2694989671032673
}